Aleksanf,Drivbc,js33hdfj@jhfsf.ru,5123123123123,iuewrh,xcvuoe
Aleksanf,Dribvdsvbc,js4hdfj@jhfsf.ru,3123123123123,iuewrh,xcvuoe
Alekf,Drivtubc,jsh5dfj@jhfsf.ru,1231235123123,iuewrh,xcvuoe
Alekwanf,Drivbch,js234hdfj@jhfsf.ru,12322123123123,iuewrh,xcvuoe
Aleksvnf,Drivbxzac,jsh234dfj@jhfsf.ru,1236123123123,iuewrh,xcvuoe
Aleksaqwef,Drivbc123,jshd11fj@jhfsf.ru,1237123123123,iuewrh,xcvuoe
Aleksanxeef,Drivsdbc,jshd2fj@jhfsf.ru,1231213123123,iuewrh,xcvuoe
Aleksandfcvxf,D4rivbc,jsh33dfj@jhfsf.ru,1231323123123,iuewrh,xcvuoe
Aleksanbtgf,Dxvrivbc,jshdf44j@jhfsf.ru,1231234123123,iuewrh,xcvuoe
Aleks,Drivsdfbc,jshdfj@jhfs56f.ru,1231231231523,iuewrh,xcvuoe
Aleksddf,Drsdfsivbc,jshd7654fj@jhfsf.ru,1263123123123,iuewrh,xcvuoe
